"male","Kurt","Graham","kurt.graham@example.com","Berkeley","redgorilla340","blues1"
"female","Edith","Murray","edith.murray@example.com","Sunshine Coast","purpleelephant941","yamaha"
"female","Rocío","Soto","rocio.soto@example.com","Palma de Mallorca","angryladybug262","spot"
"male","Shaurya","Salian","shaurya.salian@example.com","New Delhi","bigbear145","viper"
"female","Nurdan","Demirbaş","nurdan.demirbas@example.com","Bitlis","organicdog778","memorex"
"male","Avi","Dawangave","avi.dawangave@example.com","Tiruppur","ticklishrabbit639","deejay"
"female","Amy","Larson","amy.larson@example.com","Ballina","ticklishgorilla530","noway"
"female","Genesis","Snyder","genesis.snyder@example.com","Sunshine Coast","greenlion460","norwich"
"male","Elvin","Frostad","elvin.frostad@example.com","Lampeland","sadduck708","software"
"male","Connor","Wood","connor.wood@example.com","Taupo","smallbear263","lynn"
"male","Dharun","Andrade","dharun.andrade@example.com","Indore","silverdog349","hellyeah"
"male","César","Ballesteros","cesar.ballesteros@example.com","San Martín Cachihuapan","smallbear376","jayhawk"
"female","Hilla","Linna","hilla.linna@example.com","Lohja","tinymeercat586","clover"
"male","Alfred","Olsen","alfred.olsen@example.com","Tisvilde","beautifulmouse326","qwert40"
"female","الینا","زارعی","lyn.zraay@example.com","بابل","greenrabbit534","timothy"
